Date,Marketing_Spend,Website_Visitors,Conversion_Rate,Orders,Revenue,Avg_Order_Value,Customer_Acquisition_Cost,Region
2024-02-15,10768.05,37323,0.0192,718,59400.83,85.13,36.01,East
2024-02-16,10645.0,36942,0.0188,694,57679.69,81.51,27.51,North
2024-02-17,9761.73,33506,0.0152,510,36766.11,68.38,34.49,East
2024-02-18,9856.48,35680,0.0205,733,54200.85,73.12,23.75,East
2024-02-19,8758.45,28452,0.0184,524,37129.62,68.87,31.06,West
2024-02-20,10116.98,31646,0.0205,648,44066.82,68.18,29.5,East
2024-02-21,9875.22,35499,0.0184,652,49802.7,76.96,23.4,North
2024-02-22,9005.65,33151,0.0171,568,47793.4,86.26,33.6,South
2024-02-23,10913.01,35621,0.0134,479,40877.05,87.47,47.45,North
2024-02-24,11657.0,34883,0.0187,654,49470.45,76.37,29.74,East
2024-02-25,13022.45,40945,0.0171,699,54769.22,82.72,28.94,North
2024-02-26,9223.01,34486,0.0161,555,36281.83,69.19,35.07,South
2024-02-27,9691.09,43146,0.0167,722,51926.43,70.94,23.99,South
2024-02-28,9899.41,31724,0.0206,654,52360.21,77.22,27.65,East
2024-02-29,11004.37,37378,0.0182,681,44747.39,67.26,30.15,West
2024-03-01,11464.47,41289,0.0134,555,44787.18,79.37,40.51,East
2024-03-02,11159.97,44419,0.019,845,55244.16,67.15,27.76,South
2024-03-03,11009.01,33943,0.0188,637,43272.35,66.17,31.45,North
2024-03-04,12494.29,38986,0.0193,751,54947.1,69.19,27.7,North
2024-03-05,11480.88,41050,0.0222,912,74517.19,81.58,24.53,West
2024-03-06,8403.39,29661,0.0193,572,38230.21,66.25,23.15,South
2024-03-07,10439.06,38547,0.0218,841,60549.0,74.49,21.35,East
2024-03-08,11335.01,41588,0.017,705,50573.16,71.58,27.92,North
2024-03-09,11078.7,44681,0.0192,857,62654.49,72.86,19.78,East
2024-03-10,12786.12,49153,0.0161,791,56733.94,70.89,38.05,North
2024-03-11,11421.15,40948,0.0161,660,50808.14,77.44,38.85,North
2024-03-12,11345.53,40659,0.0165,671,59006.49,87.92,28.43,West
2024-03-13,8489.2,31416,0.0177,555,45010.89,85.9,25.57,South
2024-03-14,14180.88,51742,0.0217,1124,71094.51,60.11,25.83,East
2024-03-15,10426.78,36319,0.0176,641,45277.89,75.4,23.59,North
2024-03-16,11625.54,36112,0.0134,484,41041.95,81.68,44.04,North
2024-03-17,11008.13,39966,0.0215,859,59809.39,73.14,24.68,East
2024-03-18,9280.25,31271,0.019,594,42705.37,71.05,28.82,North
2024-03-19,8682.8,29041,0.0183,532,41872.99,77.36,31.69,North
2024-03-20,8917.28,30000,0.0163,488,35218.75,70.85,34.43,East
2024-03-21,10318.87,38734,0.0178,688,47174.16,69.98,22.88,East
2024-03-22,7247.21,28827,0.019,549,40864.67,74.03,21.89,North
2024-03-23,13504.32,39791,0.018,717,58552.39,79.79,41.42,West
2024-03-24,12114.46,40658,0.0227,924,68741.49,75.41,20.22,East
2024-03-25,11175.74,39491,0.021,830,67791.86,82.15,20.93,West
2024-03-26,10103.44,39067,0.0184,719,62038.11,82.33,29.72,East
2024-03-27,9439.78,34284,0.022,755,55280.37,74.35,24.65,North
2024-03-28,9156.64,31616,0.0195,615,48338.94,74.99,33.3,East
2024-03-29,11477.22,35549,0.0194,688,52129.06,77.55,24.21,East
2024-03-30,13358.56,38519,0.0193,744,63382.18,81.78,28.85,West
2024-03-31,9993.17,37070,0.0217,803,75655.3,89.38,30.65,West
2024-04-01,10987.87,37325,0.0187,697,52050.26,71.19,31.76,West
2024-04-02,10780.68,34984,0.0191,667,51382.23,73.99,35.94,West
2024-04-03,10787.39,34145,0.017,579,49256.0,84.99,32.99,North
2024-04-04,9680.19,38774,0.02,775,55507.19,73.02,25.27,North
2024-04-05,8856.61,30285,0.0231,701,64065.7,88.44,17.78,West
2024-04-06,12354.49,44078,0.0181,796,52998.09,68.51,31.2,North
2024-04-07,9282.15,31918,0.0177,564,41277.72,70.83,32.23,South
2024-04-08,9899.11,30503,0.0181,551,41674.14,76.69,36.26,East
2024-04-09,10126.93,31595,0.0171,541,40332.98,76.51,31.85,South
2024-04-10,10034.38,37122,0.0208,772,53970.34,67.61,26.34,South
2024-04-11,9698.12,34017,0.0172,584,43746.48,77.89,33.21,South
2024-04-12,9501.38,34122,0.013,445,32892.34,73.53,42.04,South
2024-04-13,9742.04,33788,0.0162,547,46191.33,84.42,40.09,North
2024-04-14,11096.31,38742,0.0184,712,58399.57,81.46,29.59,North
2024-04-15,8984.73,30756,0.0168,518,33215.32,64.02,26.66,South
2024-04-16,10109.33,30365,0.0201,609,49320.01,78.33,23.51,North
2024-04-17,9994.8,35540,0.0191,679,44982.38,65.32,32.66,South
2024-04-18,8617.02,27549,0.0211,582,41235.34,71.34,31.68,West
2024-04-19,9106.69,30688,0.0187,573,39834.2,69.61,26.4,West
2024-04-20,10916.27,33851,0.0174,589,42773.13,71.07,32.2,East
2024-04-21,10357.16,39191,0.0193,756,57766.4,77.67,30.64,North
2024-04-22,9195.34,34310,0.0169,581,41800.13,76.3,25.47,North
2024-04-23,8842.19,26917,0.0188,506,35606.17,68.46,31.69,East
2024-04-24,11328.39,32466,0.0155,502,38607.36,80.04,43.24,East
2024-04-25,10890.71,40648,0.0202,823,61010.08,75.12,27.3,North
2024-04-26,10553.56,36777,0.0179,658,46567.95,72.99,26.52,North
2024-04-27,10868.06,36085,0.0176,635,46623.52,74.54,29.37,North
2024-04-28,9935.19,31949,0.0177,567,33368.17,58.86,30.29,South
2024-04-29,5510.8,20191,0.0162,328,27011.06,81.66,37.49,North
2024-04-30,10204.72,34835,0.0199,693,53769.15,75.23,23.62,East
2024-05-01,9955.36,38933,0.0188,731,49763.68,70.83,28.53,East
2024-05-02,11840.26,32384,0.0187,605,44568.6,74.95,30.28,North
2024-05-03,9880.85,37120,0.0218,809,65288.0,81.49,23.19,West
2024-05-04,11519.32,35684,0.0232,829,73034.5,87.61,28.58,East
2024-05-05,8934.72,33870,0.0154,520,42764.2,81.73,33.09,South
2024-05-06,9079.52,28531,0.0182,518,36074.24,70.2,47.54,West
2024-05-07,10415.16,32605,0.0159,519,38665.64,74.71,40.68,North
2024-05-08,10542.38,35253,0.02,706,49871.37,73.6,26.16,West
2024-05-09,11496.31,40237,0.0184,740,56069.88,75.16,31.85,South
2024-05-10,10991.44,35279,0.0242,853,69164.21,77.88,21.26,West
2024-05-11,10100.08,30720,0.0161,496,32390.03,65.07,39.15,South
2024-05-12,10364.48,33487,0.0161,539,36744.31,70.35,35.99,North
2024-05-13,8842.29,34753,0.0184,638,51496.96,79.58,23.9,East
2024-05-14,7897.88,27797,0.0188,523,38895.2,78.11,26.96,North
2024-05-15,9237.38,32185,0.0199,642,51085.21,79.36,24.25,West
2024-05-16,9479.76,32752,0.021,688,49700.04,72.61,26.78,North
2024-05-17,8755.42,31380,0.0165,519,37487.17,73.54,29.88,West
2024-05-18,12183.36,39620,0.0193,764,53918.0,68.0,26.84,North
2024-05-19,11482.27,42318,0.016,676,65576.8,93.5,26.95,North
2024-05-20,9768.91,32114,0.0162,521,36220.96,73.62,31.31,East
2024-05-21,9409.71,36405,0.016,582,41535.95,70.01,30.26,West
2024-05-22,9439.29,31724,0.0186,591,46492.36,76.17,29.04,North
2024-05-23,9570.64,35282,0.0177,624,38688.38,64.84,26.44,East
2024-05-24,11424.85,34415,0.0161,555,34288.43,63.92,34.94,West
2024-05-25,12038.0,37103,0.0199,737,55230.16,76.29,24.82,East
2024-05-26,9839.89,35531,0.0173,616,41514.94,65.24,30.75,East
2024-05-27,9240.6,32762,0.0159,522,38275.37,73.33,30.5,South
2024-05-28,10649.35,33133,0.0271,897,61152.66,68.94,23.72,West
2024-05-29,11468.87,35227,0.0154,544,34312.79,62.04,33.24,North
2024-05-30,10906.75,37274,0.0175,652,50245.93,79.32,39.09,East
2024-05-31,11004.83,35095,0.0215,756,48985.05,66.9,27.72,South
2024-06-01,10175.54,41828,0.0155,650,51113.91,75.34,28.91,South
2024-06-02,11008.94,38499,0.0163,626,50015.49,82.86,37.83,East
2024-06-03,9032.27,29961,0.0151,452,37121.81,77.6,29.42,North
2024-06-04,10658.83,38179,0.016,611,47364.62,71.91,26.06,East
2024-06-05,11005.43,37794,0.0201,760,52819.73,70.02,31.0,West
2024-06-06,13432.38,35373,0.0185,653,50835.68,81.98,31.38,North
2024-06-07,12659.97,37331,0.0171,640,49431.14,82.19,31.26,South
2024-06-08,11609.34,36747,0.0169,620,50744.73,79.09,34.15,South
2024-06-09,10989.02,36651,0.0157,574,39788.13,71.12,33.81,North
2024-06-10,10898.92,33298,0.0187,622,55327.34,84.9,30.19,North
2024-06-11,10868.82,34174,0.0165,565,37485.75,64.11,35.64,East
2024-06-12,9551.22,33075,0.0213,705,43607.67,64.04,23.35,North
2024-06-13,10323.16,32428,0.017,551,34401.39,67.69,32.06,South
2024-06-14,10443.36,31725,0.0203,644,39748.05,60.59,32.64,South
2024-06-15,10728.88,31532,0.0181,572,41298.75,69.52,31.74,South
2024-06-16,14143.87,46290,0.018,834,62206.6,77.75,38.23,West
2024-06-17,9364.5,27202,0.0214,583,42845.3,74.07,26.16,South
2024-06-18,9348.89,31809,0.0186,591,43465.53,69.82,25.68,North
2024-06-19,8953.92,36838,0.0201,741,59258.3,80.02,20.03,East
2024-06-20,10524.25,29880,0.0177,529,36178.98,70.2,34.73,North
2024-06-21,8894.18,29106,0.0186,541,47446.81,86.9,26.79,East
2024-06-22,9344.18,35801,0.0115,413,24803.72,61.49,30.84,South
2024-06-23,9183.01,35207,0.0172,605,40507.95,64.44,26.24,East
2024-06-24,9164.74,30665,0.0186,570,34564.4,62.23,25.6,South
2024-06-25,7815.14,24790,0.0163,404,24638.73,63.86,43.91,East
2024-06-26,8241.53,31476,0.0154,486,34357.37,69.23,29.23,East
2024-06-27,9339.66,33572,0.0129,434,28412.93,70.03,41.51,East
2024-06-28,10140.2,39931,0.0149,593,46091.34,77.77,35.21,West
2024-06-29,10657.93,35747,0.0225,806,56326.84,70.84,37.14,North
2024-06-30,10366.33,32660,0.0189,617,44999.36,75.36,31.6,West
2024-07-01,8071.61,25955,0.0208,541,33218.9,60.38,25.71,East
2024-07-02,9972.66,31718,0.0196,621,46476.58,71.17,26.81,North
2024-07-03,8816.26,33129,0.0222,734,64180.71,88.48,19.17,West
2024-07-04,9843.98,32735,0.0151,495,37634.67,76.27,52.36,North
2024-07-05,8824.7,29305,0.0168,493,34459.43,72.11,32.32,South
2024-07-06,11271.39,38438,0.0138,530,43772.99,81.9,40.54,West
2024-07-07,6171.37,21700,0.0171,371,29571.07,79.26,28.57,East
2024-07-08,7615.11,28072,0.0169,474,34671.81,69.51,28.41,West
2024-07-09,9762.64,35912,0.0217,778,61068.79,78.06,21.04,North
2024-07-10,8734.82,31629,0.0189,598,45939.85,76.02,28.18,West
2024-07-11,9209.23,33372,0.018,600,45578.98,72.16,27.41,North
2024-07-12,9301.34,33472,0.0217,725,52997.74,76.86,24.16,North
2024-07-13,8999.21,28165,0.0197,555,42192.84,75.39,29.9,South
2024-07-14,10618.7,33148,0.0133,442,36772.72,80.63,41.48,West
2024-07-15,7565.31,24695,0.0183,453,32442.43,69.14,28.02,South
2024-07-16,8312.77,32370,0.0163,529,39296.72,71.64,28.76,North
2024-07-17,7452.61,26021,0.0163,425,24050.89,58.34,38.82,South
2024-07-18,8888.98,33424,0.0188,630,48854.18,79.93,24.76,East
2024-07-19,7928.91,29424,0.0173,509,39064.97,76.0,29.04,North
2024-07-20,10260.23,35430,0.0185,656,40638.45,64.36,30.27,West
2024-07-21,8517.99,30719,0.0166,510,41666.42,81.69,40.95,East
2024-07-22,9782.47,32574,0.0169,550,44939.05,80.88,27.4,East
2024-07-23,10162.12,37852,0.0157,596,46184.03,81.45,34.68,North
2024-07-24,10920.05,35682,0.0165,587,43926.49,70.06,32.31,West
2024-07-25,9080.96,32831,0.0182,598,42271.27,70.81,27.35,West
2024-07-26,8471.05,28485,0.0207,590,51548.82,83.31,25.14,West
2024-07-27,8462.24,30464,0.0158,481,39137.5,80.84,38.29,North
2024-07-28,9716.54,33562,0.0158,531,35196.43,66.69,28.08,North
2024-07-29,6998.09,25708,0.0177,454,29824.59,67.18,26.92,South
2024-07-30,6270.86,23249,0.0206,480,36269.9,75.79,24.03,East
2024-07-31,7714.02,28344,0.0176,498,39807.35,76.15,27.95,South
2024-08-01,7452.47,28661,0.014,402,29544.75,73.2,35.49,North
2024-08-02,9642.84,32915,0.0226,745,50286.69,69.93,25.51,West
2024-08-03,8326.26,29519,0.0205,605,45773.96,74.67,30.06,East
2024-08-04,9638.56,32184,0.0197,634,44259.12,72.04,30.12,West
2024-08-05,7306.59,27702,0.017,470,34145.47,73.74,28.43,South
2024-08-06,8191.94,27343,0.0171,467,27517.89,58.41,35.01,South
2024-08-07,8758.34,33310,0.0184,614,40005.29,63.7,21.68,North
2024-08-08,7862.81,23836,0.0129,308,22181.3,74.95,50.08,South
2024-08-09,9609.21,29761,0.0191,568,42061.53,75.86,29.66,East
2024-08-10,10393.28,36070,0.0174,627,52668.38,79.77,27.86,North
2024-08-11,10300.47,30322,0.0163,494,32358.52,68.03,36.66,North
2024-08-12,9611.92,30798,0.02,615,40726.37,67.22,25.16,West
2024-08-13,8548.86,29920,0.0199,594,41011.95,69.59,30.75,North
2024-08-14,8150.09,30779,0.0157,484,37389.19,76.05,27.82,North
2024-08-15,6907.44,25671,0.0145,371,23447.72,63.63,35.24,South
2024-08-16,8488.49,27544,0.0177,487,32610.45,63.73,37.07,North
2024-08-17,7624.93,26195,0.0142,373,31041.0,84.02,42.36,South
2024-08-18,9151.95,30363,0.0158,480,39971.99,81.86,42.17,East
2024-08-19,8342.07,25300,0.0156,395,28648.34,74.4,36.43,West
2024-08-20,7496.82,27704,0.02,555,37712.64,67.79,23.0,South
2024-08-21,8327.84,27893,0.0187,523,32013.64,60.83,29.74,North
2024-08-22,7666.23,25728,0.0167,430,32138.59,72.9,40.14,South
2024-08-23,9686.87,35222,0.016,563,45781.01,81.11,27.52,West
2024-08-24,8017.82,25413,0.0158,402,28075.41,69.0,41.98,South
2024-08-25,6889.66,28038,0.0211,593,44335.9,75.2,18.82,West
2024-08-26,9733.16,31768,0.019,603,42445.61,70.39,24.83,East
2024-08-27,7559.82,26183,0.0212,554,35853.37,65.45,20.54,West
2024-08-28,8480.98,28427,0.0133,378,30052.32,79.05,35.94,North
2024-08-29,7868.26,27517,0.016,441,31812.63,70.1,32.65,South
2024-08-30,10700.6,33191,0.016,531,34371.78,63.71,33.97,North
2024-08-31,8817.1,28862,0.0181,523,36558.15,69.06,30.61,West
2024-09-01,9242.92,28553,0.0179,510,33844.22,65.13,30.91,North
2024-09-02,8333.82,29441,0.0183,539,35782.25,63.23,23.95,South
2024-09-03,8727.77,30161,0.0186,562,41833.41,77.33,26.29,East
2024-09-04,6390.11,24397,0.0233,568,48145.69,82.02,19.25,North
2024-09-05,8784.68,29783,0.0157,469,33122.71,74.78,46.73,South
2024-09-06,10647.76,35945,0.0163,585,46105.5,81.73,39.44,North
2024-09-07,8129.56,28698,0.0147,422,30369.06,70.3,29.35,East
2024-09-08,7132.56,22548,0.0179,404,27598.45,67.94,37.34,South
2024-09-09,7906.0,27846,0.0226,629,42396.16,74.05,23.74,South
2024-09-10,7316.83,29159,0.0193,563,45209.91,79.38,31.54,East
2024-09-11,7777.22,28533,0.0204,583,37736.29,63.25,26.36,South
2024-09-12,7028.86,24944,0.0211,526,38570.73,72.23,30.3,West
2024-09-13,6848.02,22221,0.0163,362,26827.23,71.35,31.56,North
2024-09-14,6949.21,23418,0.0169,395,26957.67,64.48,30.08,South
2024-09-15,8421.01,28894,0.023,664,46953.11,68.12,21.32,South
2024-09-16,7691.48,23715,0.0188,446,29535.1,69.04,36.45,South
2024-09-17,9510.64,33966,0.0168,571,42716.23,77.71,32.68,North
2024-09-18,8408.09,28152,0.0188,530,33531.51,65.2,29.61,East
2024-09-19,7762.83,28063,0.0183,514,32958.96,66.05,24.88,East
2024-09-20,8446.57,31543,0.02,631,47339.79,72.83,26.31,North
2024-09-21,9380.99,29384,0.0201,592,42275.02,68.75,26.2,North
2024-09-22,8124.44,29943,0.0213,637,52629.04,79.03,27.54,West
2024-09-23,8953.66,28867,0.0193,557,37408.21,66.2,27.63,East
2024-09-24,7724.6,26393,0.0162,428,30711.64,70.87,38.82,North
2024-09-25,8191.75,29247,0.0221,646,45153.14,73.63,23.95,East
2024-09-26,11209.32,40739,0.0173,706,49020.92,70.26,32.3,West
2024-09-27,9073.8,27221,0.0212,576,49372.99,91.2,25.7,West
2024-09-28,9076.19,31823,0.0192,612,47324.32,77.87,30.46,North
2024-09-29,10391.82,31157,0.0188,586,49092.74,85.03,32.99,West
2024-09-30,5953.85,21326,0.0202,430,36839.34,83.59,21.89,South
2024-10-01,5617.44,18907,0.0147,278,19334.99,68.93,36.72,East
2024-10-02,5963.6,20642,0.0187,387,25321.57,66.94,31.72,East
2024-10-03,7062.11,29754,0.0146,434,32186.04,74.91,32.85,East
2024-10-04,9667.93,33581,0.0168,563,40468.83,73.37,33.57,North
2024-10-05,7981.7,23205,0.0197,457,32534.03,73.13,28.4,East
2024-10-06,6745.25,24349,0.0176,429,31092.09,73.01,25.55,South
2024-10-07,7571.99,30681,0.0196,602,46196.7,78.54,24.19,East
2024-10-08,5976.48,21833,0.0166,363,28668.44,73.7,28.73,East
2024-10-09,7734.02,26596,0.0172,458,30825.9,71.76,30.45,South
2024-10-10,6418.3,23506,0.0199,467,32895.94,68.01,29.04,East
2024-10-11,7386.86,27469,0.0172,473,33602.64,71.84,28.97,East
2024-10-12,7887.7,25580,0.021,536,39435.02,69.42,21.67,South
2024-10-13,7840.97,25310,0.0211,533,35581.26,66.01,23.41,South
2024-10-14,7741.0,27273,0.0164,447,32837.36,76.48,30.12,South
2024-10-15,6283.92,24859,0.0211,525,45614.94,87.03,24.45,South
2024-10-16,7660.93,24385,0.0172,419,27463.03,64.8,37.55,South
2024-10-17,9239.83,30867,0.0196,606,38486.86,63.68,28.52,East
2024-10-18,9546.77,31233,0.0182,567,34728.33,61.69,36.72,South
2024-10-19,7571.95,24333,0.0189,459,31972.87,69.88,30.91,North
2024-10-20,8839.88,30459,0.0183,557,43654.16,79.27,32.86,West
2024-10-21,9580.8,29695,0.0185,550,39773.28,71.37,29.75,East
2024-10-22,6335.98,21054,0.0171,359,27117.59,73.81,34.25,South
2024-10-23,7328.17,22534,0.0155,350,21472.95,62.29,40.26,South
2024-10-24,7470.52,25666,0.02,513,36785.19,72.06,24.49,North
2024-10-25,7809.15,29034,0.0221,643,44282.41,69.02,20.77,East
2024-10-26,6085.43,25465,0.0208,529,31481.09,59.02,23.23,East
2024-10-27,7461.8,24311,0.016,390,27485.03,71.91,34.55,South
2024-10-28,9230.56,29695,0.0206,611,48275.09,80.55,28.94,East
2024-10-29,5896.2,21205,0.0207,438,33151.16,75.9,25.97,East
2024-10-30,8926.14,30557,0.0206,630,47171.26,70.87,28.79,East
2024-10-31,8363.16,34561,0.0163,563,44734.74,78.6,27.88,South
2024-11-01,6581.15,23019,0.023,530,37148.86,68.17,18.33,East
2024-11-02,12288.6,34522,0.0163,561,46623.19,77.62,45.68,North
2024-11-03,8928.42,30248,0.0178,539,41201.39,74.62,30.47,West
2024-11-04,7042.69,24407,0.0227,554,38648.55,71.13,22.79,West
2024-11-05,8555.24,31683,0.0181,575,44201.91,77.22,34.92,North
2024-11-06,7646.72,25463,0.0214,546,34909.37,62.88,29.52,East
2024-11-07,8044.88,26695,0.0194,519,40235.87,77.5,25.7,North
2024-11-08,8880.2,24215,0.0171,414,35829.42,82.93,38.61,North
2024-11-09,9010.58,31252,0.0178,557,41721.5,80.0,29.54,East
2024-11-10,8048.43,29033,0.0201,585,40912.39,71.06,26.65,East
2024-11-11,9336.95,35294,0.0164,580,38690.9,68.93,30.61,North
2024-11-12,7204.24,24342,0.0186,453,38704.3,84.71,30.14,East
2024-11-13,7202.64,24781,0.0169,419,28058.1,69.32,32.74,South
2024-11-14,8680.67,31608,0.0175,553,41042.34,73.41,24.59,East
2024-11-15,6828.35,24266,0.0156,379,28278.21,75.36,32.52,North
2024-11-16,8765.97,26435,0.0145,382,29586.85,77.53,50.38,South
2024-11-17,8545.86,30211,0.0233,705,54405.91,72.57,19.6,North
2024-11-18,6689.62,25855,0.0188,485,26276.09,55.23,28.11,North
2024-11-19,6546.93,26204,0.0205,537,38239.74,72.52,26.83,West
2024-11-20,7235.39,24180,0.0197,477,36859.66,81.14,28.71,East
2024-11-21,8874.68,30495,0.0172,526,41822.06,82.44,32.15,North
2024-11-22,9326.23,34210,0.0179,614,55831.85,91.14,29.51,West
2024-11-23,7662.13,28764,0.019,547,41330.42,75.27,24.17,West
2024-11-24,7436.42,24471,0.0216,529,39690.45,76.4,24.3,North
2024-11-25,10850.2,35470,0.0165,584,43500.82,73.06,41.73,North
2024-11-26,8008.94,26089,0.0169,440,34041.6,75.3,28.91,South
2024-11-27,10282.58,35597,0.0226,803,57351.11,68.96,25.71,North
2024-11-28,7106.84,25575,0.0207,529,35579.43,66.87,27.44,South
2024-11-29,10993.09,39121,0.0178,697,44557.78,62.99,31.5,South
2024-11-30,11922.92,32459,0.0133,433,28762.86,67.44,51.39,East
2024-12-01,11789.23,43598,0.0221,962,67378.59,67.33,20.05,North
2024-12-02,10558.29,39876,0.0147,586,38993.73,65.29,27.35,North
2024-12-03,8755.35,29251,0.0199,583,40842.5,69.7,27.53,East
2024-12-04,11455.15,37726,0.0214,806,61471.6,76.12,22.03,West
2024-12-05,12383.14,38573,0.0187,720,46903.09,67.0,32.08,North
2024-12-06,10321.33,34566,0.0233,806,63840.62,83.94,22.29,North
2024-12-07,11321.69,40131,0.0174,698,52676.0,74.41,27.35,West
2024-12-08,10735.38,34572,0.02,690,53536.81,80.94,24.29,West
2024-12-09,8998.01,27875,0.0175,488,41950.37,82.5,34.88,South
2024-12-10,10501.12,39966,0.0194,776,57588.51,79.52,24.14,South
2024-12-11,9999.41,33206,0.0228,757,60504.16,76.71,25.71,East
2024-12-12,8967.08,33507,0.019,636,55442.76,84.18,25.47,East
2024-12-13,9593.33,30124,0.0158,476,31063.28,65.48,36.62,South
2024-12-14,12801.56,42453,0.0178,754,72974.79,91.77,30.12,East
2024-12-15,11964.13,32815,0.0194,638,48996.18,75.91,31.99,East
2024-12-16,10936.65,34527,0.0169,585,44101.8,77.89,31.16,East
2024-12-17,11356.38,42743,0.0207,884,62517.13,68.54,28.11,West
2024-12-18,9871.73,36090,0.0185,669,50138.61,73.71,23.73,North
2024-12-19,10695.18,32300,0.0183,592,40062.21,68.27,33.11,South
2024-12-20,13702.05,38899,0.0177,688,53823.2,73.73,32.09,North
2024-12-21,12299.73,40410,0.0206,832,63837.73,73.87,28.02,West
2024-12-22,11063.63,34147,0.0198,676,51524.22,75.96,24.0,East
2024-12-23,10980.93,35286,0.0178,627,44029.05,67.0,32.39,South
2024-12-24,10259.77,34724,0.0138,480,35172.33,75.36,32.88,South
2024-12-25,9809.47,36446,0.0205,748,59843.81,77.31,24.04,West
2024-12-26,9503.73,31687,0.0163,517,33179.26,61.96,30.66,South
2024-12-27,9989.5,33005,0.0208,685,56198.45,84.82,31.41,West
2024-12-28,9090.16,31697,0.0169,537,40919.93,76.35,28.86,South
2024-12-29,8278.64,30127,0.0178,536,39520.26,74.33,26.97,North
2024-12-30,8276.55,31242,0.018,563,47818.38,80.46,23.51,East
2024-12-31,10706.58,35727,0.0199,710,59158.84,81.98,25.37,West
2025-01-01,9197.63,32950,0.0154,509,38534.89,74.21,31.5,South
2025-01-02,8399.48,27350,0.0186,508,37882.25,76.45,23.27,North
2025-01-03,7641.9,24750,0.0167,413,32057.1,75.82,43.92,South
2025-01-04,11072.99,39419,0.0202,797,57979.9,75.03,19.43,West
2025-01-05,9621.68,37176,0.0159,592,45610.22,76.94,26.36,West
2025-01-06,9146.68,32585,0.0161,524,36620.19,73.07,33.63,West
2025-01-07,9787.27,32783,0.018,590,39393.1,67.57,25.42,East
2025-01-08,9786.92,30985,0.0157,486,37274.7,76.53,30.87,West
2025-01-09,9299.25,31290,0.0211,660,47361.48,73.9,23.54,East
2025-01-10,9887.09,30759,0.0193,594,43156.0,70.57,33.52,West
2025-01-11,11398.37,41172,0.0175,722,49735.76,69.26,29.68,East
2025-01-12,9731.28,31098,0.0189,587,34875.16,59.65,29.94,West
2025-01-13,8096.09,28656,0.0157,449,30339.14,69.53,31.5,North
2025-01-14,7656.3,26242,0.0183,480,37173.21,75.58,26.86,East
2025-01-15,11700.73,44506,0.02,892,70770.44,80.93,23.31,West
2025-01-16,7765.95,28267,0.017,481,30927.59,65.41,24.12,South
2025-01-17,11266.91,34382,0.0177,609,43703.27,70.2,34.04,North
2025-01-18,11221.59,41365,0.0198,820,58492.53,72.48,23.83,North
2025-01-19,9405.85,32976,0.0175,577,40283.7,71.6,31.88,East
2025-01-20,9683.93,37885,0.0189,716,54265.03,72.26,21.33,East
2025-01-21,8750.76,33241,0.0179,594,49293.35,86.64,27.69,North
2025-01-22,7902.34,26491,0.0161,427,34702.12,84.72,39.91,East
2025-01-23,9039.86,35036,0.0196,687,53366.35,76.24,22.32,East
2025-01-24,9968.77,31272,0.0172,538,40034.78,75.5,31.95,North
2025-01-25,9531.78,29543,0.0214,632,46298.17,74.48,27.31,East
2025-01-26,8973.5,31790,0.0175,556,41233.06,71.58,25.0,South
2025-01-27,8673.21,30581,0.0179,546,39207.73,70.5,33.1,West
2025-01-28,11392.32,39615,0.0178,706,54663.07,78.82,29.9,North
2025-01-29,8611.4,26417,0.0167,440,31969.21,69.93,31.2,South
2025-01-30,8911.52,34847,0.0222,772,55950.32,79.38,23.64,West
2025-01-31,11526.9,34280,0.0158,542,51459.7,97.52,37.3,North
2025-02-01,7519.91,29902,0.019,568,41506.0,72.0,28.59,West
2025-02-02,9072.28,28414,0.0183,520,38699.16,74.01,29.36,South
2025-02-03,9360.41,34463,0.0163,563,40505.34,72.46,33.67,North
2025-02-04,11712.77,32152,0.0179,575,43052.79,71.23,39.17,North
2025-02-05,12401.18,41257,0.022,906,77997.45,86.08,20.74,West
2025-02-06,10657.81,32070,0.0159,511,39371.54,77.33,33.62,West
2025-02-07,8276.28,26091,0.0199,518,38521.03,75.3,22.49,South
2025-02-08,10723.71,35929,0.0215,773,54717.64,71.16,31.82,South
2025-02-09,9047.45,29853,0.0202,603,44972.68,74.11,24.13,South
2025-02-10,9787.81,39167,0.0167,656,51564.17,81.17,28.87,North
2025-02-11,8660.14,30099,0.0208,626,47895.27,77.67,24.81,South
2025-02-12,10098.02,35012,0.0202,708,53255.45,75.67,27.74,West
2025-02-13,11248.93,44475,0.0182,808,67880.52,84.02,22.59,East
2025-02-14,11776.65,42718,0.0177,756,65527.08,86.3,23.94,West
2025-02-15,11727.64,39753,0.0197,784,61129.76,78.11,27.66,East
2025-02-16,11510.77,30349,0.0176,535,41902.09,76.29,37.13,East
2025-02-17,10431.22,37505,0.0195,732,53294.83,72.27,32.91,East
2025-02-18,10468.32,36029,0.018,648,46911.3,73.8,33.13,North
2025-02-19,9051.51,30954,0.0157,487,39229.93,79.9,35.36,East
2025-02-20,10491.62,32265,0.014,453,38297.78,85.1,39.59,North
2025-02-21,12239.86,43461,0.0159,690,47832.02,68.75,40.0,North
2025-02-22,10879.95,35162,0.0162,570,43316.8,76.02,38.86,West
2025-02-23,13085.82,38278,0.0173,661,47001.39,74.09,36.05,North
2025-02-24,12968.37,41905,0.0198,829,62302.51,73.32,32.58,East
2025-02-25,8250.72,26149,0.0213,556,38202.11,67.95,26.88,South
2025-02-26,10449.99,36365,0.0189,688,44642.77,66.51,31.01,North
2025-02-27,9426.97,32105,0.0147,473,32520.83,69.06,32.73,South
2025-02-28,10566.35,41605,0.0156,649,43491.68,69.65,36.19,South
2025-03-01,12230.7,43434,0.0181,788,49648.11,62.26,27.73,East
2025-03-02,8467.19,31324,0.0163,512,41478.81,81.09,32.19,South
2025-03-03,9643.16,32262,0.0212,683,49975.93,72.46,32.14,East
2025-03-04,11404.67,42900,0.0178,762,66740.56,87.5,28.09,North
2025-03-05,10361.48,36941,0.0181,670,47348.37,68.66,26.43,West
2025-03-06,8275.01,29859,0.0165,493,38043.95,74.83,27.77,South
2025-03-07,10796.07,40740,0.0229,931,72996.83,78.32,18.45,East
2025-03-08,11628.3,45683,0.0195,891,60096.2,64.71,26.61,South
2025-03-09,9430.94,35685,0.0174,620,42012.89,66.07,26.2,South
2025-03-10,9945.0,33704,0.0198,667,36318.98,53.87,27.55,South
2025-03-11,8695.59,35700,0.0164,584,46737.56,78.46,27.0,South
2025-03-12,9196.13,35943,0.0157,565,41126.91,76.75,29.38,East
2025-03-13,12283.97,38107,0.0183,698,51252.12,74.81,30.56,North
2025-03-14,11284.82,33145,0.0179,592,40720.11,71.06,43.74,South
2025-03-15,11875.03,42815,0.0189,808,72858.84,82.35,23.06,East
2025-03-16,12545.25,46651,0.0208,971,67441.52,70.07,26.64,East
2025-03-17,11205.44,39113,0.0216,843,74960.42,85.94,22.5,West
2025-03-18,9891.97,34139,0.0176,600,46767.53,76.82,36.91,South
2025-03-19,9384.15,35028,0.0199,698,54000.96,76.79,29.33,East
2025-03-20,11406.7,42063,0.016,674,54003.09,78.55,31.42,North
2025-03-21,10131.07,36721,0.0196,718,58274.32,79.46,31.08,South
2025-03-22,11910.59,37907,0.0197,747,56064.83,76.76,25.89,North
2025-03-23,10296.02,44574,0.0208,928,67266.8,76.11,19.0,East
2025-03-24,8453.74,31445,0.0184,580,45220.87,74.87,38.96,North
2025-03-25,10630.84,34181,0.0161,551,36318.45,67.27,36.91,North
2025-03-26,10983.16,37928,0.0208,788,60075.8,72.96,21.12,West
2025-03-27,10903.19,38330,0.0175,672,49782.15,77.96,33.04,West
2025-03-28,11758.26,40944,0.0185,756,57378.9,75.19,25.84,South
2025-03-29,13338.54,45729,0.019,867,69170.21,82.44,25.8,West
2025-03-30,10935.71,39275,0.0197,774,64477.6,86.94,26.48,North
2025-03-31,11788.23,30552,0.0193,589,40431.43,71.0,38.03,West
2025-04-01,9254.71,32728,0.0196,642,53398.73,82.16,20.75,West
2025-04-02,12948.98,47510,0.015,713,56106.19,72.79,33.12,East
2025-04-03,10270.09,33823,0.0203,685,45607.52,60.83,23.77,North
2025-04-04,12452.95,36920,0.0157,581,49277.7,83.93,41.79,North
2025-04-05,11445.85,34468,0.0191,659,47699.13,74.03,44.89,East
2025-04-06,9867.5,33852,0.0232,784,56382.02,73.82,22.79,East
2025-04-07,10128.96,36407,0.0182,664,55968.17,78.99,27.75,South
2025-04-08,11386.47,42646,0.022,938,63582.94,67.98,21.57,North
2025-04-09,11415.2,36284,0.0211,767,50642.26,64.22,27.91,East
2025-04-10,10630.89,37587,0.0184,693,57910.26,80.34,22.19,West
2025-04-11,13247.83,43022,0.0215,927,83431.44,92.21,35.9,West
2025-04-12,11969.51,45033,0.0197,888,72354.29,81.96,26.13,West
2025-04-13,13044.09,40925,0.0132,541,47950.37,87.97,44.22,East
2025-04-14,12496.24,37788,0.0192,726,61227.08,83.07,32.21,East
2025-04-15,9862.33,42334,0.0209,884,79599.07,86.58,18.37,East
2025-04-16,10646.0,34658,0.0185,640,52090.79,79.71,29.09,East
2025-04-17,11865.29,40337,0.0177,713,41737.01,57.04,33.61,North
2025-04-18,9689.26,33639,0.0133,449,31835.05,72.84,46.58,South
2025-04-19,13336.28,47795,0.0178,851,68455.2,79.55,28.93,North
2025-04-20,9654.21,36980,0.0137,508,36768.47,70.03,31.65,North
2025-04-21,9648.25,33939,0.0199,674,50150.23,73.42,27.33,East
2025-04-22,10270.89,37462,0.0171,641,41052.0,64.23,32.4,North
2025-04-23,9236.8,33487,0.0139,465,31061.95,65.74,32.87,South
2025-04-24,9231.13,36302,0.0165,599,41836.74,68.6,27.72,South
2025-04-25,11853.54,43392,0.017,736,54359.93,77.26,28.98,South
2025-04-26,10567.67,35991,0.0199,715,48900.87,69.94,26.03,North
2025-04-27,10004.96,37062,0.0211,782,58471.23,75.25,24.46,South
2025-04-28,6688.68,23967,0.0153,366,25153.46,66.73,41.54,South
2025-04-29,7004.06,25286,0.0131,332,24026.68,73.25,38.07,South
2025-04-30,10093.35,31857,0.022,701,48241.54,70.11,31.15,West
2025-05-01,10635.4,34844,0.0241,841,61164.48,72.32,24.51,North
2025-05-02,11147.04,37909,0.0208,790,56717.22,70.96,28.08,South
2025-05-03,11898.83,39691,0.0172,681,54650.77,81.15,29.16,West
2025-05-04,11096.75,34097,0.0158,539,34393.45,65.59,35.23,South
2025-05-05,8624.07,28682,0.0229,656,44383.06,68.53,24.5,North
2025-05-06,8045.74,28675,0.0158,454,32435.48,74.49,31.8,South
2025-05-07,9933.95,36133,0.0156,565,40581.9,67.69,30.1,North
2025-05-08,9650.19,38230,0.0218,834,56724.42,64.48,20.45,South
2025-05-09,9718.45,37071,0.0174,644,44464.19,68.3,28.92,South
2025-05-10,9339.54,34567,0.0185,640,52859.52,83.58,28.39,West
2025-05-11,11598.74,34628,0.0186,643,39791.84,60.94,38.15,North
2025-05-12,9673.77,36795,0.0211,775,65069.64,83.52,23.2,North
2025-05-13,10929.85,32389,0.0183,592,49991.9,81.14,37.3,North
2025-05-14,10551.81,33202,0.0175,582,42760.24,71.44,32.27,North
2025-05-15,10896.63,42872,0.0169,725,53573.25,71.54,22.24,East
2025-05-16,10031.1,32679,0.0176,576,41363.62,77.2,37.02,East
2025-05-17,10230.43,31936,0.0185,592,51965.96,83.46,30.63,West
2025-05-18,12549.25,42529,0.0169,719,49720.11,67.61,31.61,East
2025-05-19,9309.58,39093,0.0173,678,47505.13,71.48,23.1,West
2025-05-20,8030.36,29676,0.0192,570,39915.89,68.07,23.48,North
2025-05-21,9953.72,32294,0.0168,543,36499.75,67.51,31.6,East
2025-05-22,11947.36,39965,0.0194,776,53509.76,70.03,37.93,North
2025-05-23,10785.73,41095,0.021,861,55878.29,64.06,27.24,South
2025-05-24,9605.98,29606,0.0144,425,23748.31,55.98,36.39,East
2025-05-25,11111.1,38934,0.0165,641,44173.99,69.13,34.61,South
2025-05-26,10007.95,28696,0.0174,499,34913.07,67.77,45.7,East
2025-05-27,10112.3,36108,0.02,722,59088.24,80.37,31.9,West
2025-05-28,9265.87,30357,0.02,607,46748.85,77.09,31.2,North
2025-05-29,10010.59,36527,0.0176,644,53888.79,88.94,27.06,West
2025-05-30,12341.49,40921,0.0207,846,60091.92,69.65,29.25,East
2025-05-31,13384.39,46840,0.0188,879,63109.26,74.23,25.45,South
2025-06-01,11594.45,39934,0.018,720,45290.08,65.68,28.91,West
2025-06-02,11525.57,38743,0.0178,688,59718.37,84.69,25.67,North
2025-06-03,10163.61,33800,0.0154,519,31499.09,64.83,29.98,South
2025-06-04,10906.94,37640,0.0175,658,45989.48,71.68,24.79,South
2025-06-05,11118.52,33848,0.0183,620,51482.8,83.77,30.97,North
2025-06-06,10654.5,35453,0.0186,658,42884.62,65.98,24.61,South
2025-06-07,10678.74,41793,0.0206,863,65610.71,74.31,24.21,East
2025-06-08,14519.94,44679,0.0171,763,58176.61,76.42,37.14,North
2025-06-09,10324.69,34476,0.0165,569,49124.24,81.47,31.19,East
2025-06-10,10674.48,36215,0.0215,779,56993.15,73.41,25.48,North
2025-06-11,9679.33,34845,0.0162,565,41922.44,72.29,26.89,East
2025-06-12,10598.54,40321,0.0177,715,49435.62,70.04,28.19,East
2025-06-13,14029.82,49946,0.0197,985,78785.22,78.75,24.61,West
2025-06-14,12178.96,44871,0.0193,868,72188.13,83.37,24.7,North
2025-06-15,11396.27,45614,0.0177,806,55626.47,71.22,34.12,South
2025-06-16,11254.46,36465,0.0211,768,61864.72,80.74,28.35,West
2025-06-17,11270.09,47442,0.0176,835,68336.33,80.63,23.48,North
2025-06-18,10446.79,40754,0.0169,688,59840.47,83.49,24.64,North
2025-06-19,12503.36,37474,0.0193,724,54993.48,79.01,29.42,North
2025-06-20,12276.73,44427,0.0198,879,74225.07,82.53,26.07,West
2025-06-21,10386.14,31243,0.0154,481,30569.81,61.4,34.85,South
2025-06-22,10553.66,35308,0.0157,555,43915.85,77.99,42.38,North
2025-06-23,8599.53,31800,0.0215,684,53763.29,75.38,32.33,North
2025-06-24,9553.78,32371,0.0177,572,42619.56,74.65,27.37,North
2025-06-25,7889.79,24768,0.016,397,29194.69,70.42,37.22,East
2025-06-26,7057.34,25291,0.0203,513,39039.98,76.08,22.4,South
2025-06-27,7948.28,31121,0.0125,388,27201.04,67.37,35.17,East
2025-06-28,11400.59,33232,0.0189,628,44014.39,71.68,32.85,North
2025-06-29,10834.55,37321,0.0174,651,46532.11,71.25,26.56,West
2025-06-30,7283.25,27627,0.0177,488,36162.67,77.49,27.08,West
2025-07-01,7651.81,28827,0.0191,552,39246.46,73.53,28.34,North
2025-07-02,7428.64,26662,0.0151,402,22605.85,56.6,32.58,South
2025-07-03,7995.71,29178,0.0164,478,31874.19,68.48,36.68,North
2025-07-04,9881.58,31869,0.016,510,43761.22,83.77,36.2,North
2025-07-05,9346.32,31495,0.0192,605,46287.92,77.28,35.14,East
2025-07-06,9019.94,30257,0.0202,612,41098.02,70.72,25.34,North
2025-07-07,9536.71,34518,0.0224,772,50696.31,68.67,25.43,East
2025-07-08,6502.19,20154,0.0193,389,29403.02,76.3,30.67,South
2025-07-09,9819.59,30904,0.0138,428,32902.96,75.56,36.37,West
2025-07-10,9569.8,34761,0.0149,519,33347.25,66.21,33.7,East
2025-07-11,11683.43,36167,0.018,652,62501.45,92.85,33.48,West
2025-07-12,8221.4,30772,0.0182,560,37365.9,67.94,35.28,North
2025-07-13,10410.61,33621,0.0196,658,54096.92,82.79,25.9,East
2025-07-14,10086.82,33817,0.0211,715,51101.16,72.12,28.74,East
2025-07-15,7818.58,29711,0.0152,453,30012.2,69.25,28.43,North
2025-07-16,8428.14,33920,0.0197,669,46841.62,68.87,22.66,West
2025-07-17,9235.0,35884,0.0196,702,55176.25,78.61,19.24,East
2025-07-18,8537.31,33595,0.0225,757,60691.78,76.48,17.79,East
2025-07-19,10327.52,31358,0.0171,537,39254.88,72.27,45.1,East
2025-07-20,7166.08,21815,0.0134,293,24353.59,81.04,45.35,South
2025-07-21,9195.65,31786,0.0158,503,34621.23,66.27,40.33,East
2025-07-22,8226.07,25611,0.0188,482,31432.4,68.02,35.92,West
2025-07-23,8591.44,31297,0.0182,569,41863.47,72.37,24.2,West
2025-07-24,6897.34,25996,0.0196,510,39086.37,76.7,22.11,South
2025-07-25,9260.85,33007,0.0183,604,47573.84,75.9,30.07,East
2025-07-26,7548.62,26956,0.0161,435,35727.46,82.86,29.26,East
2025-07-27,10365.32,36380,0.0159,579,45575.41,77.34,31.03,North
2025-07-28,8098.64,30232,0.0189,572,43230.29,83.92,28.12,North
2025-07-29,8724.19,30129,0.0176,530,38347.29,69.96,33.3,West
2025-07-30,9623.11,31721,0.0165,523,46778.33,87.02,34.99,East
2025-07-31,7891.36,32491,0.0195,633,43686.79,68.29,26.13,East
2025-08-01,9805.28,32199,0.0129,416,31002.63,71.85,33.58,North
2025-08-02,9242.56,31671,0.0168,531,34751.75,64.11,35.28,East
2025-08-03,7226.86,25030,0.0219,549,37585.88,71.54,31.56,North
2025-08-04,8790.04,32539,0.0181,590,47307.98,76.34,25.19,East
2025-08-05,7105.15,24748,0.0184,456,35837.13,80.35,31.58,East
2025-08-06,7620.89,24543,0.0163,399,26447.06,66.18,41.87,North
2025-08-07,10525.08,38272,0.0217,830,66929.9,80.97,21.97,East
2025-08-08,7609.09,27643,0.0172,476,31689.64,67.65,29.49,East
2025-08-09,8656.44,26945,0.0189,508,34218.95,69.4,41.62,South
2025-08-10,8946.41,28286,0.0214,606,43864.61,73.45,27.53,West
2025-08-11,7199.36,24182,0.0199,482,34359.8,71.34,37.5,North
2025-08-12,6026.79,23469,0.0163,382,27005.57,69.97,23.27,South
2025-08-13,9030.13,35019,0.0208,729,49940.05,62.97,27.12,North
2025-08-14,6910.9,24253,0.0185,449,31920.58,71.47,32.75,South
2025-08-15,9139.01,33892,0.0202,683,52706.08,75.56,26.04,South
2025-08-16,7491.59,25215,0.0152,383,24845.49,66.01,32.86,South
2025-08-17,8676.42,29894,0.0183,547,41825.53,80.73,26.37,South
2025-08-18,8010.99,23327,0.0162,377,27727.17,74.51,33.66,North
2025-08-19,6235.38,20661,0.0189,391,26869.54,70.32,29.83,North
2025-08-20,8705.01,30342,0.0214,648,51735.44,76.85,23.65,West
2025-08-21,5715.89,19353,0.015,290,20274.18,67.62,35.95,South
2025-08-22,7879.86,28658,0.0191,546,34278.37,63.32,23.11,East
2025-08-23,7071.04,26546,0.0154,409,24658.45,59.43,37.81,South
2025-08-24,7364.49,25778,0.0205,528,44169.77,87.36,35.41,North
2025-08-25,6744.51,24356,0.019,463,38567.45,81.14,25.36,East
2025-08-26,8556.57,34458,0.0166,573,44666.24,78.65,26.91,North
2025-08-27,7360.66,28817,0.0146,421,31639.24,74.27,34.88,West
2025-08-28,8684.28,32919,0.0165,542,44623.98,80.84,33.66,East
2025-08-29,8943.51,28859,0.015,433,33703.09,80.6,37.11,South
2025-08-30,7785.35,27141,0.019,516,38705.55,75.99,29.49,East
2025-08-31,7334.42,28327,0.0193,548,42508.68,76.2,30.06,North
2025-09-01,6598.64,23870,0.0198,473,38456.02,80.59,25.28,South
2025-09-02,8250.91,31248,0.0213,667,51652.37,75.79,21.77,East
2025-09-03,9395.63,30877,0.0178,551,39619.5,72.51,38.04,North
2025-09-04,8457.29,30400,0.0221,671,47926.27,69.54,18.96,South
2025-09-05,8794.6,25661,0.0199,511,41918.29,82.39,26.02,East
2025-09-06,6559.05,24265,0.0179,434,33717.05,76.49,26.13,South
2025-09-07,7452.76,26085,0.0193,504,37803.71,78.21,26.24,West
2025-09-08,8301.58,25913,0.0201,520,41692.05,78.0,25.78,North
2025-09-09,9595.45,29551,0.0172,509,35145.29,69.47,33.43,West
2025-09-10,7707.29,30722,0.0191,586,37911.07,67.52,26.95,East
2025-09-11,7648.19,25776,0.0202,521,41534.93,79.21,21.36,East
2025-09-12,8528.42,27530,0.019,522,41943.26,79.58,35.54,South
2025-09-13,10349.54,34710,0.0175,609,40782.0,67.73,29.32,North
2025-09-14,7945.53,31914,0.0167,533,40502.06,76.54,22.83,East
2025-09-15,5937.28,23225,0.0164,381,27720.17,74.36,29.39,East
2025-09-16,6046.05,24224,0.0172,417,23281.93,57.37,32.16,South
2025-09-17,6845.47,23262,0.0181,421,31564.75,76.51,26.03,South
2025-09-18,7595.59,25303,0.0188,475,35415.75,73.52,28.03,East
2025-09-19,8383.17,29135,0.0189,551,44453.29,78.43,26.96,West
2025-09-20,7785.37,25325,0.018,457,32364.42,67.29,33.7,West
2025-09-21,7274.92,26091,0.0164,427,27229.07,63.88,30.06,East
2025-09-22,6757.74,23941,0.0188,450,33842.42,75.2,27.25,East
2025-09-23,9671.2,32430,0.0169,549,41566.95,78.14,34.79,North
2025-09-24,7819.45,27551,0.0177,487,42684.77,85.6,31.15,East
2025-09-25,8096.92,31009,0.0205,635,55886.8,89.88,24.32,West
2025-09-26,8019.91,28272,0.0162,458,39994.1,85.23,45.83,South
2025-09-27,9451.66,28690,0.0168,483,27569.44,59.92,38.9,West
2025-09-28,9125.99,30255,0.0158,477,36671.53,75.77,34.44,East
2025-09-29,5441.47,16612,0.0174,289,19265.65,68.73,26.54,North
2025-09-30,8893.68,30550,0.0177,540,38382.06,72.95,38.01,South
2025-10-01,8939.75,29207,0.0154,450,37428.71,83.9,27.68,North
2025-10-02,8831.93,28525,0.0197,562,47725.03,83.73,30.56,East
2025-10-03,8512.34,32467,0.0188,610,47875.95,75.5,28.0,North
2025-10-04,6783.08,22026,0.0179,394,27629.5,73.16,30.83,East
2025-10-05,9766.38,32260,0.0194,627,43152.47,64.54,29.15,South
2025-10-06,7405.36,28627,0.0213,611,43518.64,73.97,21.59,South
2025-10-07,5679.92,22447,0.0203,456,38769.25,85.93,26.17,South
2025-10-08,8140.98,28202,0.0169,476,33127.96,70.85,33.36,East
2025-10-09,7852.94,29727,0.017,504,34361.31,69.61,28.35,East
2025-10-10,6619.06,26291,0.0183,480,38283.83,77.68,22.36,East
2025-10-11,9365.82,32865,0.0184,606,47783.65,79.84,26.84,North
2025-10-12,9871.81,37153,0.0199,741,64825.47,82.66,24.44,West
2025-10-13,6850.24,21046,0.0167,352,26712.0,78.04,37.43,South
2025-10-14,9193.11,32889,0.0155,511,37345.8,75.02,31.59,East
2025-10-15,4792.23,17240,0.0175,302,22502.13,71.39,24.58,South
2025-10-16,8896.34,33392,0.018,600,43777.21,72.58,30.57,West
2025-10-17,6363.29,23182,0.0202,468,32261.89,69.61,21.07,East
2025-10-18,9701.99,36925,0.0166,614,47003.92,80.8,32.23,North
2025-10-19,8841.62,31664,0.0175,553,42871.06,77.89,24.63,North
2025-10-20,5820.02,22491,0.0162,365,29903.84,79.52,29.85,North
2025-10-21,9570.11,32894,0.0155,510,30401.67,59.83,35.98,North
2025-10-22,8163.75,28695,0.0202,580,40206.35,67.32,25.12,North
2025-10-23,8574.84,30327,0.0204,618,51374.5,81.55,27.22,East
2025-10-24,8272.3,31695,0.021,667,57147.49,82.1,21.83,North
2025-10-25,8357.03,31139,0.0215,668,49593.28,74.58,20.04,West
2025-10-26,8466.97,27693,0.0162,449,30882.5,70.57,39.2,West
2025-10-27,7055.88,23699,0.017,402,32652.19,80.35,36.75,East
2025-10-28,6989.88,26482,0.0217,574,40904.01,70.15,24.53,South
2025-10-29,9498.06,32414,0.0201,650,45418.29,67.72,26.38,South
2025-10-30,7516.37,26611,0.016,427,31099.08,74.92,33.71,South
2025-10-31,8599.01,27120,0.017,460,34513.74,76.53,32.57,North
2025-11-01,10067.0,31025,0.0179,555,38124.03,68.86,43.02,East
2025-11-02,8130.34,27009,0.0169,456,35445.99,79.13,34.89,South
2025-11-03,7817.05,27657,0.0212,585,44829.6,76.22,23.06,East
2025-11-04,7458.08,22937,0.0183,420,31343.17,76.73,32.15,North
2025-11-05,8336.72,20954,0.0138,290,20517.51,72.78,43.2,South
2025-11-06,10543.59,36945,0.0211,778,62791.11,79.09,20.08,West
2025-11-07,9320.37,30472,0.019,578,41234.22,71.03,34.02,West
2025-11-08,9667.24,33287,0.019,631,43023.16,65.96,28.35,East
2025-11-09,7855.87,29211,0.0181,529,39586.62,72.4,28.78,East
2025-11-10,7716.99,25919,0.0215,558,36179.73,64.65,23.74,North
2025-11-11,7273.53,26841,0.0184,493,38014.79,77.03,27.34,East
2025-11-12,8338.68,26245,0.0165,432,30482.09,69.53,33.76,North
2025-11-13,6515.39,20698,0.0213,440,33372.77,72.92,25.25,North
2025-11-14,8614.58,28446,0.0193,548,51076.9,92.09,36.2,East
2025-11-15,8542.55,30043,0.018,540,39572.8,70.29,23.93,West
2025-11-16,7106.76,25936,0.0172,445,29803.3,66.26,26.22,South
2025-11-17,7593.71,30682,0.021,643,45464.77,69.61,20.86,East
2025-11-18,7206.04,27529,0.0208,572,39652.96,70.3,21.7,South
2025-11-19,9415.06,28451,0.0185,526,43025.72,83.5,37.66,North
2025-11-20,6561.54,23431,0.0147,345,22823.03,67.43,29.83,South
2025-11-21,8588.65,29514,0.0188,555,39513.07,70.2,30.03,North
2025-11-22,9368.13,33898,0.0194,656,38884.64,62.14,26.84,South
2025-11-23,7817.59,29652,0.0228,675,54229.37,79.63,18.44,North
2025-11-24,10549.74,37917,0.0214,813,66190.79,79.14,24.88,West
2025-11-25,6892.64,21292,0.0176,374,27617.1,72.18,32.06,South
2025-11-26,11181.93,36868,0.0184,679,46905.7,68.15,26.19,West
2025-11-27,10387.18,33626,0.0183,614,42187.54,66.47,27.7,North
2025-11-28,8851.81,31418,0.0187,586,40183.16,67.7,24.66,South
2025-11-29,12532.41,51733,0.0159,820,57234.08,72.47,20.44,South
2025-11-30,8954.92,33874,0.0145,490,35539.0,74.77,37.16,South
2025-12-01,10969.47,29674,0.0181,538,46947.82,89.83,35.62,North
2025-12-02,11354.06,37320,0.0117,438,31143.73,71.69,42.85,East
2025-12-03,10676.9,35332,0.0198,698,44607.84,64.31,23.99,North
2025-12-04,11113.97,36294,0.0207,750,57604.53,75.41,24.7,East
2025-12-05,11278.31,43324,0.0205,889,71892.24,77.57,25.75,East
2025-12-06,11393.07,36041,0.0202,728,44678.5,65.16,32.64,East
2025-12-07,10339.2,39348,0.0178,702,53572.64,72.79,24.91,East
2025-12-08,10291.4,32035,0.0207,663,40522.37,60.73,23.88,South
2025-12-09,11945.57,39989,0.0173,691,55670.61,77.76,30.24,East
2025-12-10,9885.15,33579,0.0216,727,54273.49,76.61,22.78,North
2025-12-11,9939.16,33719,0.0181,609,49344.55,80.35,28.56,East
2025-12-12,12305.51,41712,0.0209,873,68222.39,77.96,27.47,East
2025-12-13,10725.22,34816,0.0174,607,40841.85,69.83,37.37,North
2025-12-14,13431.48,46775,0.0161,754,67747.71,86.57,29.46,North
2025-12-15,9480.67,34399,0.0173,595,40217.86,69.69,21.4,South
2025-12-16,11399.58,37859,0.0191,722,55077.03,75.65,31.15,East
2025-12-17,9945.15,28422,0.0183,519,39754.53,71.92,38.4,South
2025-12-18,11856.78,38923,0.0185,720,52458.63,73.31,29.72,West
2025-12-19,11253.86,37183,0.0166,617,42673.02,72.67,32.53,North
2025-12-20,12103.57,39543,0.0155,613,42814.21,68.63,35.18,North
2025-12-21,11056.12,32973,0.0208,685,51946.94,73.65,29.17,South
2025-12-22,12271.67,36630,0.0186,681,50794.5,72.47,37.99,North
2025-12-23,8590.75,34504,0.0198,682,53643.07,76.76,25.95,North
2025-12-24,9790.61,33492,0.0187,625,45556.69,72.85,24.66,North
2025-12-25,10054.43,35304,0.0165,584,43434.78,75.55,33.63,South
2025-12-26,10395.3,35241,0.0156,551,38410.39,66.87,40.29,West
2025-12-27,9025.1,30629,0.021,642,54045.33,84.78,26.78,North
2025-12-28,10104.18,33510,0.0166,556,37456.17,67.3,30.81,South
2025-12-29,10316.89,33706,0.0174,585,45067.88,75.22,28.66,West
2025-12-30,9793.16,31795,0.0181,574,42065.49,68.79,23.6,West
2025-12-31,10955.07,42609,0.0205,874,59908.43,73.58,25.6,West
2026-01-01,8493.38,34302,0.0177,606,38779.8,62.58,28.03,North
2026-01-02,6713.77,26230,0.0217,568,34561.02,61.32,17.67,South
2026-01-03,10855.67,41445,0.017,703,48397.85,70.24,29.18,North
2026-01-04,9371.59,30141,0.0173,521,33338.95,66.72,32.88,North
2026-01-05,7360.38,29475,0.0173,511,38162.78,74.48,25.47,East
2026-01-06,9464.4,32919,0.0155,511,42867.28,79.87,34.29,East
2026-01-07,12175.88,36206,0.02,725,48559.17,68.0,27.18,North
2026-01-08,9352.53,32853,0.0181,593,39256.93,67.27,24.74,North
2026-01-09,8509.62,28373,0.0213,605,38798.18,66.29,26.1,East
2026-01-10,14329.92,50380,0.0167,843,63624.32,75.74,36.93,West
2026-01-11,8777.28,30219,0.0171,517,39094.25,77.07,25.22,South
2026-01-12,7293.91,27819,0.0201,560,42551.4,73.39,19.98,South
2026-01-13,8212.37,28067,0.0186,522,28914.05,55.69,30.64,South
2026-01-14,7796.12,28398,0.0147,418,27544.44,65.25,29.99,South
2026-01-15,8886.11,26090,0.0192,502,32345.32,63.76,30.85,North
2026-01-16,8462.46,32128,0.0148,474,34462.79,78.45,33.32,South
2026-01-17,8108.32,31571,0.0201,634,41712.2,66.4,24.8,South
2026-01-18,11209.0,42394,0.0172,728,57948.39,79.3,32.49,West
2026-01-19,9591.99,34211,0.0195,667,55398.27,83.11,22.95,East
2026-01-20,9461.0,32805,0.02,656,46751.27,73.39,28.41,West
2026-01-21,9794.79,35639,0.0178,634,48694.99,79.02,31.7,South
2026-01-22,10864.6,37497,0.0185,693,53499.04,75.17,33.64,West
2026-01-23,9924.43,40225,0.021,844,67706.99,78.69,18.28,West
2026-01-24,9530.61,29782,0.0189,564,38269.16,70.53,29.42,East
2026-01-25,11390.82,40022,0.0174,696,58232.67,81.32,28.2,West
2026-01-26,9139.57,33346,0.018,600,40255.68,69.6,28.47,East
2026-01-27,8601.86,29721,0.0182,541,36613.0,65.43,29.26,East
2026-01-28,12082.16,36577,0.018,658,53918.53,83.18,29.25,East
2026-01-29,9991.22,35694,0.0163,583,41938.58,73.68,35.06,West
2026-01-30,9175.37,29608,0.0183,543,41717.53,73.76,29.98,North
2026-01-31,11911.91,35234,0.0206,725,52453.22,73.78,26.18,North
2026-02-01,10646.41,36597,0.0179,654,55409.97,85.81,25.97,East
2026-02-02,10543.68,36341,0.0158,574,45500.35,79.7,34.12,South
2026-02-03,9077.03,33944,0.0159,541,33447.78,61.05,37.05,North
2026-02-04,7257.97,23586,0.0157,370,25922.69,69.6,41.01,South
2026-02-05,10204.65,33142,0.0183,607,41042.67,68.99,31.21,East
2026-02-06,10911.62,31190,0.0151,472,41599.44,88.26,40.87,East
2026-02-07,9565.57,29707,0.0168,500,35159.67,73.99,40.7,West
2026-02-08,9773.32,31710,0.0208,661,49083.82,75.93,26.85,East
2026-02-09,9762.85,33393,0.0174,580,43404.0,74.0,39.05,South
2026-02-10,9731.96,34106,0.0162,553,44000.89,77.63,25.28,West
2026-02-11,7491.82,26871,0.0213,573,50187.23,84.95,32.57,East
2026-02-12,11036.87,41373,0.0153,632,48681.07,77.24,31.81,East
2026-02-13,10539.96,32608,0.0209,682,56894.89,80.61,26.96,West
